file,address,status,coords
knowledge/SCHEMA.md,,skip_bad_address,
knowledge/accommodation/central-city-hotel.md,"""проспект Калинина, 45, Пятигорск, Ставропольский край""",ok,"[44.0435526, 43.0663735]"
knowledge/accommodation/gold-star-hotel.md,"""Широкая улица, 109, Пятигорск, Ставропольский край""",ok,"[44.055781, 43.0451006]"
knowledge/accommodation/olympos-hotel.md,"""Московская улица, 67, Пятигорск, Ставропольский край""",ok,"[44.060995, 43.0534424]"
knowledge/accommodation/parus-hotel.md,"""Ивовая улица, 2, Пятигорск, Ставропольский край""",ok,"[44.0376425, 42.9953098]"
knowledge/accommodation/sanatoriy-don.md,"""Пятигорск, Ставропольский край (точный адрес — уточнить)""",ok,"[44.039775, 43.0706669]"
knowledge/accommodation/sanatoriy-lermontova.md,"""ул. Лермонтова, Пятигорск, Ставропольский край (точный номер дома — уточнить; комплекс из нескольких корпусов, см. также 2ГИС-находку в OPEN-QUESTIONS.md §36 про «Ленинские скалы»)""",ok,"[44.0407418, 43.0775725]"
knowledge/accommodation/sanatoriy-lesnaya-polyana.md,"""Пятигорск, Ставропольский край (точный адрес — уточнить)""",ok,"[44.039775, 43.0706669]"
knowledge/accommodation/sanatoriy-rus.md,"""Пятигорск, Ставропольский край (точный адрес — уточнить)""",ok,"[44.039775, 43.0706669]"
knowledge/auto/avtomag-ermolova.md,"""ул. Ермолова, 12а, Пятигорск""",ok,"[44.0432676, 43.0280648]"
knowledge/auto/avtomagiya-avtokompleks.md,"""ул. Ермолова, 12и, Пятигорск, Ставропольский край (2 филиала)""",ok,"[44.0499498, 43.0021944]"
knowledge/auto/avtomoyka-ermolova-16e.md,"""ул. Ермолова, 16Е, Пятигорск, Ставропольский край""",ok,"[44.0508514, 42.9920989]"
knowledge/auto/azs-lukoil-ermolova-46.md,"""ул. Ермолова, 46, Пятигорск""",ok,"[44.0513668, 43.0001075]"
knowledge/auto/cordiant-shinny-centr.md,"""Кисловодское шоссе, 23 ст1, Пятигорск, Ставропольский край (2 филиала)""",ok,"[44.052799, 42.9925796]"
knowledge/auto/fit-service.md,"""ул. Мира, 159, Пятигорск, Ставропольский край""",ok,"[44.0402084, 43.0435115]"
knowledge/auto/kontinental-88.md,"""Теплосерная улица, 152, Пятигорск, Ставропольский край""",ok,"[44.0340472, 43.0804413]"
knowledge/auto/moy-sam.md,"""Первая Бульварная улица, 22, Пятигорск, Ставропольский край""",ok,"[44.0530476, 43.0640029]"
knowledge/auto/moyka-robot-mira.md,"""ул. Мира, 155а, Пятигорск, Ставропольский край""",ok,"[44.0403517, 43.0441023]"
knowledge/auto/pit-stop-shinomontazh.md,"""Первомайская улица, 83 ст2, Пятигорск, Ставропольский край""",ok,"[44.029523, 43.0584246]"
knowledge/auto/proshine-deteyling.md,"""Краснознамённая улица, 5, Пятигорск, Ставропольский край""",ok,"[44.0487043, 43.0379639]"
knowledge/auto/robot-moyka-ermolova.md,"""ул. Ермолова, 14в/1, Пятигорск, Ставропольский край""",ok,"[44.0520023, 42.9951192]"
knowledge/auto/romanov-autolab.md,"""Лермонтовский разъезд, 43, Пятигорск, Ставропольский край""",ok,"[44.0640128, 43.0606355]"
knowledge/auto/shod-razval-ermolova.md,"""ул. Ермолова, 22/1, Пятигорск, Ставропольский край""",ok,"[44.0457333, 43.0152716]"
knowledge/auto/slk-deteyling.md,"""Теплосерная улица, 146 ст1, Пятигорск, Ставропольский край""",ok,"[44.0372392, 43.0962131]"
knowledge/beauty/barber-i-barbi.md,"""Февральская ул., 60, Пятигорск, Ставропольский край""",ok,"[44.0385723, 43.0350146]"
knowledge/beauty/chernaya-kost-barbershop.md,"""просп. Кирова, 51А, Пятигорск, Ставропольский край""",ok,"[44.035475, 43.0591942]"
knowledge/beauty/clay-esthetic.md,"""просп. Калинина, 59, Пятигорск, Ставропольский край""",ok,"[44.0666401, 43.0744567]"
knowledge/beauty/marikom-spa.md,"""Октябрьская ул., 3, этаж 3, Пятигорск, Ставропольский край""",ok,"[44.0371649, 43.0744007]"
knowledge/beauty/massazh-spa-lenina.md,"""площадь Ленина, 13, этаж 6, Пятигорск, Ставропольский край""",ok,"[44.040837, 43.0734077]"
knowledge/beauty/nulevaya-gravitatsiya.md,"""Университетская ул., 4, Пятигорск, Ставропольский край""",ok,"[44.038504, 43.0723104]"
knowledge/beauty/telo-massazhny-salon.md,"""ул. Акопянца, 2, Пятигорск, Ставропольский край""",ok,"[44.043564, 43.0674929]"
knowledge/degustatsii/vina-praskovei.md,"""флагманская точка: ул. Карла Маркса, 1, Пятигорск; сеть из нескольких точек по городу (см. таблицу)""",fail_not_found,
knowledge/entertainment/another-worlds-quest.md,"""Октябрьская ул., 17, Пятигорск, Ставропольский край""",ok,"[44.0373112, 43.0731903]"
knowledge/entertainment/daki-restoklub.md,"""Октябрьская ул., 17, Пятигорск, Ставропольский край""",ok,"[44.0373112, 43.0731903]"
knowledge/entertainment/darksayd-bowling.md,"""ул. Панагюриште, 2, ТЦ «Университи Молл», цокольный этаж, Пятигорск, Ставропольский край""",fail_not_found,
knowledge/entertainment/eureka-quest.md,"""Октябрьская ул., 8, Пятигорск, Ставропольский край""",ok,"[44.0374625, 43.0722507]"
knowledge/entertainment/tochka-bar.md,"""ул. Коста Хетагурова, 23, Пятигорск, Ставропольский край""",ok,"[44.0399262, 43.0665855]"
knowledge/excursions/arhyz.md,"""Архыз, Карачаево-Черкесия (выезд из Пятигорска)""","fail_out_of_bbox (43.5630635,41.2803847)",
knowledge/excursions/bermamyt.md,"""плато Бермамыт, Карачаево-Черкесия (выезд из Пятигорска, через гору Баран)""",fail_not_found,
knowledge/excursions/chegemskie-vodopady.md,"""Чегемское ущелье, Кабардино-Балкария (выезд из Пятигорска)""",ok,"[43.4037982, 43.09155]"
knowledge/excursions/dombay.md,"""Домбай, Карачаево-Черкесия (выезд из Пятигорска, через Теберду)""","fail_out_of_bbox (43.290498,41.6269204)",
knowledge/excursions/dzhily-su.md,"""урочище Джилы-Су, северное подножье Эльбруса, Кабардино-Балкария (выезд из Пятигорска)""",fail_not_found,
knowledge/excursions/golubye-ozera.md,"""Черекское ущелье, Кабардино-Балкария (выезд из Пятигорска)""",fail_not_found,
knowledge/excursions/prielbrusye.md,"""Приэльбрусье, Кабардино-Балкария (выезд из Пятигорска)""",ok,"[43.3712621, 42.571353]"
knowledge/history/alyabyev-dom.md,"""адрес расходится между картами — см. ниже, Пятигорск, Ставропольский край""",skip_bad_address,
knowledge/history/bela-skulptura.md,"""Емануелевский парк, Пятигорск, Ставропольский край""",fail_not_found,
knowledge/history/chasha-slyoz.md,"""сквер имени В.И. Ленина, Пятигорск, Ставропольский край""",fail_not_found,
knowledge/history/divo-divnoe-muzey-sssr.md,"""просп. Кирова, 25 (эт. 2), Пятигорск, Ставропольский край""",ok,"[44.0363859, 43.0795587]"
knowledge/history/eolova-arfa-besedka.md,"""Емануелевский парк, Пятигорск, Ставропольский край""",fail_not_found,
knowledge/history/ermolov-pamyatnik.md,"""улица Лермонтова, Пятигорск, Ставропольский край""",ok,"[44.0407418, 43.0775725]"
knowledge/history/ermolovskie-vanny.md,"""просп. Кирова, 21, стр. 3, Пятигорск""",ok,"[44.036788, 43.0825832]"
knowledge/history/exotarium.md,"""просп. Кирова, 18, Пятигорск, Ставропольский край""",ok,"[44.0377137, 43.0835264]"
knowledge/history/georgiya-pobedonostsa-tserkov.md,"""гора Бештау (территория монастыря), городской округ Лермонтов, Ставропольский край""",ok,"[44.095195, 43.0337358]"
knowledge/history/grot-diany.md,"""парк «Цветник», Пятигорск, Ставропольский край""",ok,"[44.0367233, 43.08122]"
knowledge/history/grot-lermontova.md,"""пр. Кирова, 1а, Пятигорск (Академическая галерея)""   # из открытых источников (Википедия, 2ГИС), на месте не сверено",fail_not_found,
knowledge/history/kisa-vorobyaninov-skulptura.md,"""парк «Цветник», Пятигорск, Ставропольский край""",ok,"[44.0367233, 43.08122]"
knowledge/history/knyazhna-meri-skulptura.md,"""Емануелевский парк, Пятигорск, Ставропольский край""",fail_not_found,
knowledge/history/kraevedcheskiy-muzey.md,"""ул. Братьев Бернардацци, 2, Пятигорск""",ok,"[44.0362785, 43.0798875]"
knowledge/history/lenin-pamyatnik-vechny-ogon.md,"""сквер имени В.И. Ленина, Пятигорск, Ставропольский край""",fail_not_found,
knowledge/history/lermontov-domik.md,"""ул. Лермонтова, 4, Пятигорск, 357501""",ok,"[44.0402085, 43.0785764]"
knowledge/history/lermontovskie-vanny.md,"""просп. Кирова, 21, Пятигорск""",ok,"[44.036788, 43.0825832]"
knowledge/history/maksim-maksimych-skulptura.md,"""Емануелевский парк, Пятигорск, Ставропольский край""",fail_not_found,
knowledge/history/mashuk-kanatka.md,"""бульвар Гагарина, 2, Пятигорск (нижняя станция)""   # из открытых источников (2ГИС, КП), на месте не сверено",ok,"[44.0403602, 43.0890777]"
knowledge/history/mesto-dueli-lermontova.md,"""склон горы Машук, Пятигорск, Ставропольский край""",fail_not_found,
knowledge/history/mihalkov-pamyatnik.md,"""бульвар Гагарина, Пятигорск, Ставропольский край""",ok,"[44.043334, 43.0819693]"
knowledge/history/nekropol.md,"""ул. Пастухова, 1, Пятигорск""   # из открытых источников (tonkosti.ru, Яндекс.Карты), на месте не сверено",ok,"[44.0452437, 43.0751314]"
knowledge/history/ostap-bender-skulptura.md,"""у входа в грот «Провал», Пятигорск, Ставропольский край""",fail_not_found,
knowledge/history/otdyhayushchaya-skulptura.md,"""парк «Цветник», Пятигорск, Ставропольский край""",ok,"[44.0367233, 43.08122]"
knowledge/history/pamyatnik-lermontovu.md,"""Лермонтовский сквер, Пятигорск, Ставропольский край""",fail_not_found,
knowledge/history/pechorin-skulptura.md,"""гора Машук, парк, Пятигорск, Ставропольский край""",fail_not_found,
knowledge/history/portret-lenina-belaya-romashka.md,"""просп. Калинина, 2, корп. 1, Пятигорск, Ставропольский край""",ok,"[44.0594417, 43.0693401]"
knowledge/history/proval.md,"""бульвар Гагарина, рядом с д. 23, Пятигорск""   # из открытых источников (Культура.РФ, 101hotels), на месте не сверено",fail_not_found,
knowledge/history/pushkinskiy-dom-na-kavkaze.md,"""ул. Карла Маркса, 6, Пятигорск, Ставропольский край""",ok,"[44.0382316, 43.0797671]"
knowledge/history/puti-pervogo-tramvaya.md,"""Емануелевский парк, Пятигорск, Ставропольский край""",fail_not_found,
knowledge/history/rels-skulptura.md,"""Пятигорск, Ставропольский край (точный адрес не указан)""",ok,"[44.039775, 43.0706669]"
knowledge/history/rossiya-moya-istoriya.md,"""Кооперативная ул., 42, Пятигорск, Ставропольский край""",ok,"[44.0363363, 43.0130755]"
knowledge/history/vechny-ogon.md,"""сквер имени В.И. Ленина, Пятигорск, Ставропольский край""",fail_not_found,
knowledge/history/verzilin-dom.md,"""ул. Карла Маркса, 13, Пятигорск""",ok,"[44.0414232, 43.0784024]"
knowledge/history/vorota-k-mestu-dueli.md,"""проспект Калинина, Пятигорск, Ставропольский край""",ok,"[44.033464, 43.0667551]"
knowledge/history/vtoroafonsky-monastyr.md,"""гора Бештау (склон), городской округ Лермонтов, Ставропольский край; церковная лавка/подворье — просп. 40 лет Октября, 12 ст1, Пятигорск""",fail_not_found,
knowledge/infrastructure/bezopasnost.md,"""Первая Бульварная ул., 37А, Пятигорск (травмпункт)""",ok,"[44.0530101, 43.0593256]"
knowledge/infrastructure/infrastruktura-dlya-inostrancev.md,"""по всему Пятигорску, конкретные точки в теле карточки""",skip_bad_address,
knowledge/infrastructure/medicina-apteki.md,"""по всему Пятигорску, конкретные точки в теле карточки""",skip_bad_address,
knowledge/infrastructure/meropriyatiya-i-sobytiya.md,null,skip_bad_address,
knowledge/infrastructure/pogoda-i-sezonnost.md,null,skip_bad_address,
knowledge/kids/gorod-detey-city-kids.md,"""Беговая ул., 5, Пятигорск""",ok,"[44.0523841, 43.0015591]"
knowledge/kids/heppi-lend.md,"""Октябрьская ул., 3, ТЦ «Весна», цокольный этаж, Пятигорск""",fail_not_found,
knowledge/kids/kilikiya.md,"""Бештаугорское ш., 24Ж, Пятигорск""",ok,"[44.0640069, 43.0515458]"
knowledge/nature/arka-lyubvi-mashuk.md,"""гора Машук, вершина, Пятигорск, Ставропольский край""",fail_not_found,
knowledge/nature/beshtau-vershina.md,"""гора Бештау, городской округ Лермонтов, Ставропольский край""",ok,"[44.095195, 43.0337358]"
knowledge/nature/besstyzhie-vanny.md,"""склон горы, Пятигорск, Ставропольский край (район Провальского курортного парка)""",fail_not_found,
knowledge/nature/byuvet-19-mashuk.md,"""ул. Пастухова, 1/1, сквер им. И. П. Павлова, Пятигорск, Ставропольский край (напротив Лазаревской церкви)""",fail_not_found,
knowledge/nature/byuvety.md,null,skip_bad_address,
knowledge/nature/chertov-most.md,"""Емануелевский парк, Пятигорск, Ставропольский край""",fail_not_found,
knowledge/nature/dikie-narzannye-vanny.md,"""Пятигорск, Нагорный парк, Ставропольский край""",fail_not_found,
knowledge/nature/gora-post.md,"""микрорайон Горапост, Пятигорск, Ставропольский край""",fail_not_found,
knowledge/nature/hram-solntsa-beshtau.md,"""гора Бештау (склон), городской округ Лермонтов, Ставропольский край""",ok,"[44.095195, 43.0337358]"
knowledge/nature/kitayskaya-besedka.md,"""Нагорный парк, гора Машук, Пятигорск, Ставропольский край""",fail_not_found,
knowledge/nature/lenin-naskalny-portret.md,"""гора Машук, Пятигорск, Ставропольский край""",ok,"[44.0561775, 43.0956769]"
knowledge/nature/leninskie-skaly.md,"""гора Машук, памятник природы, Пятигорск, Ставропольский край""",fail_not_found,
knowledge/nature/lohmataya-gora.md,"""гора Лохматая, северо-западный склон горы Бештау, городской округ Лермонтов, Ставропольский край""",fail_not_found,
knowledge/nature/maly-beshtau.md,"""гора Малый Бештау, городской округ Лермонтов, Ставропольский край""",fail_not_found,
knowledge/nature/mashuk-vershina.md,"""Вершина горы Машук, Пятигорск, Ставропольский край (верхняя станция канатной дороги; нижняя станция — бул. Гагарина, 2)""",ok,"[44.0499714, 43.0889419]"
knowledge/nature/mihaylovskaya-gora.md,"""Пятигорск, Емануелевский парк, Ставропольский край""",fail_not_found,
knowledge/nature/nadpis-pyatigorsk.md,"""гора Машук, Пятигорск, Ставропольский край""",ok,"[44.0561775, 43.0956769]"
knowledge/nature/novopyatigorsky-kurgan.md,"""Пятигорск, микрорайон Новопятигорск, Ставропольский край""",fail_not_found,
knowledge/nature/orel-skulptura-mashuk.md,"""вершина горы Машук, Пятигорск, Ставропольский край""",ok,"[44.0499714, 43.0889419]"
knowledge/nature/orel-terzayuschy-zmeyu.md,"""Горячая гора, Пятигорск, Ставропольский край (точный адрес уточняется)""",fail_not_found,
knowledge/nature/orlinye-skaly.md,"""гора Бештау, городской округ Лермонтов, Ставропольский край""",ok,"[44.095195, 43.0337358]"
knowledge/nature/ozero-novopyatigorskoe.md,"""Пятигорск, микрорайон Новопятигорск, Ставропольский край""",fail_not_found,
knowledge/nature/polyana-pesen.md,"""Склон горы Машук, район Места дуэли М. Ю. Лермонтова, Пятигорск, Ставропольский край""",skip_has_coords,"[44.056388, 43.076554]   # GPS с места, подтверждено Alex, 29.07.2026 (исключение из общего правила SCHEMA.md — точка без нормального почтового адреса, только GPS даёт навигацию)"
knowledge/nature/serovodorodnye-vanny.md,"""Пятигорск, район Пироговских ванн, Ставропольский край""",fail_not_found,
knowledge/nature/terrenkury-mashuk.md,null,skip_bad_address,
knowledge/nature/vorota-solntsa.md,"""склон горы Машук, у Домика лесника, по пути к вершине, Пятигорск, Ставропольский край""",skip_has_coords,"[44.050232, 43.077566]   # GPS с места, подтверждено Alex, 29.07.2026 — то же исключение из SCHEMA.md, что и для polyana-pesen.md (нет обычного адреса)"
knowledge/parks/emanuelevsky-park.md,"""Пятигорск, Ставропольский край""",ok,"[44.039775, 43.0706669]"
knowledge/parks/park-kirova.md,"""Пятигорск, Ставропольский край""",ok,"[44.039775, 43.0706669]"
knowledge/parks/park-tsvetnik.md,"""парк Цветник, Пятигорск, Ставропольский край""",ok,"[44.0367233, 43.08122]"
knowledge/religion/lazarevskaya-tserkov.md,"""ул. Пастухова, 1, Пятигорск""",ok,"[44.0452437, 43.0751314]"
knowledge/religion/smolenskaya-tserkov.md,"""Пятигорск, микрорайон Центр, Ставропольский край (точный номер дома не зафиксирован)""",fail_not_found,
knowledge/religion/sobor-arhangela-mihaila.md,"""ул. Козлова, 39А, Пятигорск""",ok,"[44.0380007, 43.0520867]"
knowledge/religion/sobornaya-mechet.md,"""Сквозной пер., 2/6, Пятигорск""",ok,"[44.039024, 43.0331134]"
knowledge/religion/spasskiy-kafedralny-sobor.md,"""Соборная ул., 1А, Пятигорск""",ok,"[44.0370097, 43.0781314]"
knowledge/restaurants/1908-ordzhonikidze.md,"""ул. Орджоникидзе, 2, этаж 1, Пятигорск""",ok,"[44.0539766, 43.0622076]"
knowledge/restaurants/1908.md,"""ул. Гоголя, 1, Пятигорск""",ok,"[44.0375309, 43.0755058]"
knowledge/restaurants/akademiya-vkusa.md,"""ул. Карла Маркса, 22, Пятигорск, Ставропольский край""",ok,"[44.0417554, 43.0787578]"
knowledge/restaurants/coffee-woops.md,"""Украинская ул., 61, Пятигорск, Ставропольский край""",ok,"[44.0514272, 43.0400794]"
knowledge/restaurants/dialogi.md,"""Кооперативная ул., 36, Пятигорск, Ставропольский край""",ok,"[44.0390829, 43.0097493]"
knowledge/restaurants/dofamin.md,"""Соборная ул., 4, этаж 1, Пятигорск, Ставропольский край""",ok,"[44.0356575, 43.0787532]"
knowledge/restaurants/drinkberry.md,"""Ессентукская ул., 29Б, павильон 22, Пятигорск, Ставропольский край""",fail_not_found,
knowledge/restaurants/el-mashuk.md,"""Гора Машук (памятник природы), Пятигорск, Ставропольский край""",ok,"[44.0561775, 43.0956769]"
knowledge/restaurants/etno-kofe.md,"""Нижний бульвар, Пятигорск, Ставропольский край (адрес требует уточнения на месте — см. ниже)""",fail_not_found,
knowledge/restaurants/gukasova.md,"""пр. Кирова, 23, 1 этаж, Пятигорск, 357501""",fail_not_found,
knowledge/restaurants/gurmetika.md,"""ул. Адмиральского, 37А, Пятигорск, Ставропольский край""",ok,"[44.0530597, 43.0402254]"
knowledge/restaurants/hmelnoy-restoran.md,"""ул. Розы Люксембург, 72А, Пятигорск, Ставропольский край, 357500""",ok,"[44.0465585, 43.0412831]"
knowledge/restaurants/hmelnoy-voprosy-personalu.md,,skip_bad_address,
knowledge/restaurants/istoriya.md,null,skip_bad_address,
knowledge/restaurants/kak-doma.md,"""ул. Мира, 16, Пятигорск, Ставропольский край""",ok,"[44.0417816, 43.0700814]"
knowledge/restaurants/khachapuri-i-karla-marksa.md,"""ул. Карла Маркса, 4, Пятигорск, Ставропольский край""",ok,"[44.0378913, 43.0797662]"
knowledge/restaurants/khachapuri-i.md,"""бул. Гагарина, 31, Пятигорск""",ok,"[44.0438181, 43.0976863]"
knowledge/restaurants/kofelavka.md,"""адрес расходится между картами — см. ниже, Пятигорск, Ставропольский край""",skip_bad_address,
knowledge/restaurants/kuhnya-moey-mamy.md,"""ул. 295-й Стрелковой Дивизии, 13, корп. 1, Пятигорск, Ставропольский край""",ok,"[44.0615812, 43.0652989]"
knowledge/restaurants/lukos.md,"""бул. Гагарина, 19, Пятигорск, Ставропольский край""",ok,"[44.0424246, 43.0943814]"
knowledge/restaurants/mister-sloykin.md,"""сеть по городу — известные адреса ниже, Пятигорск, Ставропольский край""",fail_not_found,
knowledge/restaurants/moya-stolovaya-oktyabrskaya.md,"""Октябрьская ул., 21, Пятигорск, Ставропольский край""",ok,"[44.0370071, 43.069875]"
knowledge/restaurants/moya-stolovaya-privokzalny.md,"""Привокзальный пер., 1В, Пятигорск, Ставропольский край""",ok,"[44.0352169, 43.0539376]"
knowledge/restaurants/obzhorka.md,"""ул. Леваневского, 2, Пятигорск, Ставропольский край""",ok,"[44.0428397, 43.0677679]"
knowledge/restaurants/okta-bryu.md,"""просп. 40 лет Октября, 58А, ТЦ «Евросити», Пятигорск, Ставропольский край""",ok,"[44.0405691, 43.0638286]"
knowledge/restaurants/paper-cup-coffee.md,"""просп. Кирова, 37В, Пятигорск, Ставропольский край""",ok,"[44.0364512, 43.0789604]"
knowledge/restaurants/pravilny-kofe.md,"""просп. Кирова, 23, этаж 2 (парк «Цветник»), Пятигорск, Ставропольский край""",ok,"[44.0366143, 43.0803228]"
knowledge/restaurants/prokofe.md,"""ул. Пестова, 5, корп. 3, Пятигорск, Ставропольский край""",ok,"[44.0291445, 43.0705175]"
knowledge/restaurants/proval.md,"""бул. Гагарина, 30, Пятигорск""",fail_error: <urlopen error [Errno 104] Connection reset by peer>,
knowledge/restaurants/provence.md,"""Кузнечная ул., 8А, Пятигорск, Ставропольский край""",ok,"[44.0464105, 43.0689645]"
knowledge/restaurants/pyatigorskoe-morozhenoe-kafe.md,"""ул. Козлова, 39Л, Пятигорск, Ставропольский край""",ok,"[44.03844, 43.0407343]"
knowledge/restaurants/robust-pervaya-bulvarnaya.md,"""Первая Бульварная ул., 17 (гостиница «Бештау»), Пятигорск, Ставропольский край""",ok,"[44.0530476, 43.0640029]"
knowledge/restaurants/rodman-dzerzhinskogo.md,"""ул. Дзержинского, 43, Пятигорск, Ставропольский край""",ok,"[44.0383318, 43.0745872]"
knowledge/restaurants/sfera-vkusa.md,"""Кисловодское шоссе, 48, Пятигорск, Ставропольский край""",ok,"[44.0606674, 42.9509813]"
knowledge/restaurants/sintra.md,"""адрес расходится между картами — см. ниже, Пятигорск, Ставропольский край""",skip_bad_address,
knowledge/restaurants/smelo.md,"""просп. 40 лет Октября, 62А, Пятигорск, Ставропольский край""",ok,"[44.0373793, 43.0643237]"
knowledge/restaurants/syty-slon.md,"""просп. Кирова, 27А, Пятигорск, Ставропольский край""",ok,"[44.0360706, 43.0783113]"
knowledge/restaurants/tarelka.md,"""ул. Акопянца, 11, Пятигорск, Ставропольский край""",ok,"[44.0428378, 43.0645953]"
knowledge/restaurants/tasty-arts.md,"""адрес расходится между картами — см. ниже, Пятигорск, Ставропольский край""",skip_bad_address,
knowledge/restaurants/tasty-point.md,"""Ессентукская ул., 29, Пятигорск, Ставропольский край""",ok,"[44.0479394, 43.0343331]"
knowledge/restaurants/u-volodi.md,"""ул. 295 Стрелковой Дивизии, 1а/1, микрорайон Белая Ромашка (район Лермонтовского разъезда), Пятигорск, Ставропольский край""",fail_not_found,
knowledge/restaurants/ukropchik.md,"""ул. Крайнего, 59, Пятигорск, Ставропольский край""",ok,"[44.0350385, 43.0716389]"
knowledge/services/akademiya-chistoty.md,"""просп. 40 лет Октября, 51а, Пятигорск, Ставропольский край (7 филиалов)""",ok,"[44.045751, 43.0642527]"
knowledge/services/bellichi-himchistka.md,"""ул. Дзержинского, 47, Пятигорск, Ставропольский край""",ok,"[44.0378299, 43.0750644]"
knowledge/services/remont-telefonov-magnit-lermontovsky.md,"""ул. 295-й Стрелковой Дивизии, 18, Пятигорск, Ставропольский край (район Белая Ромашка, рядом с ТЦ «Лермонтовский», д. 1, где «Магнит» и «Магнит Косметик»)""",ok,"[44.0588415, 43.0684074]"
knowledge/services/stomatologiya-teplosernaya.md,"""ул. Теплосерная, 102, 1 этаж, Пятигорск, 357501""",fail_not_found,
knowledge/shopping/as-kavkaz.md,"""ул. Дзержинского, 82, Пятигорск, Ставропольский край""",ok,"[44.0317605, 43.0726188]"
knowledge/shopping/pyatigorskaya-bronza.md,"""Первомайская ул., 81Е, Пятигорск, Ставропольский край""",ok,"[44.030162, 43.0561429]"
knowledge/shopping/verhny-rynok.md,"""ул. Леваневского, 3, стр. 5, Пятигорск, Ставропольский край""",ok,"[44.0419019, 43.0684952]"
knowledge/sport/bam-bey-nastolny-tennis.md,"""ул. Ермолова, 26А, этаж 2, Пятигорск""",ok,"[44.046463, 43.0137339]"
knowledge/sport/bassein-delfin.md,"""Подстанционная ул., 23, Пятигорск""",ok,"[44.0756285, 43.0877918]"
knowledge/sport/bassein-garmoniya.md,"""Украинская ул., 57, Пятигорск""",ok,"[44.0495529, 43.039468]"
knowledge/sport/bassein-hayat.md,"""Бештаугорское ш., 161, Пятигорск""",ok,"[44.0630158, 43.0034396]"
knowledge/sport/bassein-impuls.md,"""ул. Малыгина, 12, Пятигорск""",ok,"[44.0402372, 43.0616497]"
knowledge/sport/bassein-mashuk-vos.md,"""Иноземцевское ш., 7, Пятигорск""",fail_not_found,
knowledge/sport/bassein-skfu.md,"""ул. Ермолова, 46, стр. З, Пятигорск""",fail_not_found,
knowledge/sport/bassein-viktoriya.md,"""Широкая ул., 106, Пятигорск""",ok,"[44.056894, 43.045097]"
knowledge/sport/rayder-veloprokat.md,"""просп. 40 лет Октября, 91А, Пятигорск""",ok,"[44.037407, 43.0648404]"
knowledge/sport/sport-klub-beshtau.md,"""Первая Бульварная ул., 17, этаж 2, Пятигорск""",ok,"[44.053091, 43.0593042]"
knowledge/sport/tennisny-klub-oranzhereynaya.md,"""Оранжерейная ул., 22/4, этаж цокольный, Пятигорск""",fail_not_found,
knowledge/transport/aeroport-mineralnye-vody.md,"""Ставропольский край, Минераловодский муниципальный округ, аэропорт Минеральные Воды имени М.Ю. Лермонтова, 5""",fail_not_found,
knowledge/transport/avtobusy-marshrutki.md,null,skip_bad_address,
knowledge/transport/avtovokzal-pyatigorsk.md,"""ул. Бунимовича, 34, Пятигорск""",ok,"[44.0308893, 43.0715387]"
knowledge/transport/elektrichki.md,null,skip_bad_address,
knowledge/transport/taksi-transfer.md,null,skip_bad_address,
knowledge/transport/tramvay.md,null,skip_bad_address,
knowledge/transport/zhd-vokzal-pyatigorsk.md,"""Октябрьская ул., 75, Пятигорск""",ok,"[44.0374019, 43.0551375]"
